team_id,team_name,team_crest_pic,team_data_url,league_id,league_name,league_nation,league_logo_pic
0,AFC Bournemouth,https://tmssl.akamaized.net//images/wappen/tiny/989.png?lm=1457991811,https://www.transfermarkt.com/afc-bournemouth/startseite/verein/989/saison_id/2025,0,Premier League,England,https://tmssl.akamaized.net/images/logo/header/gb1.png?lm=1521104656
1,Arsenal FC,https://tmssl.akamaized.net//images/wappen/tiny/11.png?lm=1489787850,https://www.transfermarkt.com/fc-arsenal/startseite/verein/11/saison_id/2025,0,Premier League,England,https://tmssl.akamaized.net/images/logo/header/gb1.png?lm=1521104656
2,Aston Villa,https://tmssl.akamaized.net//images/wappen/tiny/405.png?lm=1717155982,https://www.transfermarkt.com/aston-villa/startseite/verein/405/saison_id/2025,0,Premier League,England,https://tmssl.akamaized.net/images/logo/header/gb1.png?lm=1521104656
3,Brentford FC,https://tmssl.akamaized.net//images/wappen/tiny/1148.png?lm=1625150543,https://www.transfermarkt.com/fc-brentford/startseite/verein/1148/saison_id/2025,0,Premier League,England,https://tmssl.akamaized.net/images/logo/header/gb1.png?lm=1521104656
4,Brighton & Hove Albion,https://tmssl.akamaized.net//images/wappen/tiny/1237.png?lm=1492718902,https://www.transfermarkt.com/brighton-amp-hove-albion/startseite/verein/1237/saison_id/2025,0,Premier League,England,https://tmssl.akamaized.net/images/logo/header/gb1.png?lm=1521104656
5,Chelsea FC,https://tmssl.akamaized.net//images/wappen/tiny/631.png?lm=1782931342,https://www.transfermarkt.com/fc-chelsea/startseite/verein/631/saison_id/2025,0,Premier League,England,https://tmssl.akamaized.net/images/logo/header/gb1.png?lm=1521104656
6,Coventry City,https://tmssl.akamaized.net//images/wappen/tiny/990.png?lm=1684518179,https://www.transfermarkt.com/coventry-city/startseite/verein/990/saison_id/2025,0,Premier League,England,https://tmssl.akamaized.net/images/logo/header/gb1.png?lm=1521104656
7,Crystal Palace,https://tmssl.akamaized.net//images/wappen/tiny/873.png?lm=1457723287,https://www.transfermarkt.com/crystal-palace/startseite/verein/873/saison_id/2025,0,Premier League,England,https://tmssl.akamaized.net/images/logo/header/gb1.png?lm=1521104656
8,Everton FC,https://tmssl.akamaized.net//images/wappen/tiny/29.png?lm=1445949846,https://www.transfermarkt.com/fc-everton/startseite/verein/29/saison_id/2025,0,Premier League,England,https://tmssl.akamaized.net/images/logo/header/gb1.png?lm=1521104656
9,Fulham FC,https://tmssl.akamaized.net//images/wappen/tiny/931.png?lm=1556831687,https://www.transfermarkt.com/fc-fulham/startseite/verein/931/saison_id/2025,0,Premier League,England,https://tmssl.akamaized.net/images/logo/header/gb1.png?lm=1521104656
10,Hull City,https://tmssl.akamaized.net//images/wappen/tiny/3008.png?lm=1562662491,https://www.transfermarkt.com/hull-city/startseite/verein/3008/saison_id/2025,0,Premier League,England,https://tmssl.akamaized.net/images/logo/header/gb1.png?lm=1521104656
11,Ipswich Town,https://tmssl.akamaized.net//images/wappen/tiny/677.png?lm=1407655249,https://www.transfermarkt.com/ipswich-town/startseite/verein/677/saison_id/2025,0,Premier League,England,https://tmssl.akamaized.net/images/logo/header/gb1.png?lm=1521104656
12,Leeds United,https://tmssl.akamaized.net//images/wappen/tiny/399.png?lm=1645652224,https://www.transfermarkt.com/leeds-united/startseite/verein/399/saison_id/2025,0,Premier League,England,https://tmssl.akamaized.net/images/logo/header/gb1.png?lm=1521104656
13,Liverpool FC,https://tmssl.akamaized.net//images/wappen/tiny/31.png?lm=1727873452,https://www.transfermarkt.com/fc-liverpool/startseite/verein/31/saison_id/2025,0,Premier League,England,https://tmssl.akamaized.net/images/logo/header/gb1.png?lm=1521104656
14,Manchester City,https://tmssl.akamaized.net//images/wappen/tiny/281.png?lm=1467356331,https://www.transfermarkt.com/manchester-city/startseite/verein/281/saison_id/2025,0,Premier League,England,https://tmssl.akamaized.net/images/logo/header/gb1.png?lm=1521104656
15,Manchester United,https://tmssl.akamaized.net//images/wappen/tiny/985.png?lm=1457975903,https://www.transfermarkt.com/manchester-united/startseite/verein/985/saison_id/2025,0,Premier League,England,https://tmssl.akamaized.net/images/logo/header/gb1.png?lm=1521104656
16,Newcastle United,https://tmssl.akamaized.net//images/wappen/tiny/762.png?lm=1472921161,https://www.transfermarkt.com/newcastle-united/startseite/verein/762/saison_id/2025,0,Premier League,England,https://tmssl.akamaized.net/images/logo/header/gb1.png?lm=1521104656
17,Nottingham Forest,https://tmssl.akamaized.net//images/wappen/tiny/703.png?lm=1598890289,https://www.transfermarkt.com/nottingham-forest/startseite/verein/703/saison_id/2025,0,Premier League,England,https://tmssl.akamaized.net/images/logo/header/gb1.png?lm=1521104656
18,Sunderland AFC,https://tmssl.akamaized.net//images/wappen/tiny/289.png?lm=1485645633,https://www.transfermarkt.com/afc-sunderland/startseite/verein/289/saison_id/2025,0,Premier League,England,https://tmssl.akamaized.net/images/logo/header/gb1.png?lm=1521104656
19,Tottenham Hotspur,https://tmssl.akamaized.net//images/wappen/tiny/148.png?lm=1732011953,https://www.transfermarkt.com/tottenham-hotspur/startseite/verein/148/saison_id/2025,0,Premier League,England,https://tmssl.akamaized.net/images/logo/header/gb1.png?lm=1521104656
20,Birmingham City,https://tmssl.akamaized.net//images/wappen/tiny/337.png?lm=1672321276,https://www.transfermarkt.com/birmingham-city/startseite/verein/337/saison_id/2025,1,Championship,England,https://tmssl.akamaized.net/images/logo/header/gb2.png?lm=1643026970
21,Blackburn Rovers,https://tmssl.akamaized.net//images/wappen/tiny/164.png?lm=1495228542,https://www.transfermarkt.com/blackburn-rovers/startseite/verein/164/saison_id/2025,1,Championship,England,https://tmssl.akamaized.net/images/logo/header/gb2.png?lm=1643026970
22,Bolton Wanderers,https://tmssl.akamaized.net//images/wappen/tiny/355.png?lm=1407653952,https://www.transfermarkt.com/bolton-wanderers/startseite/verein/355/saison_id/2025,1,Championship,England,https://tmssl.akamaized.net/images/logo/header/gb2.png?lm=1643026970
23,Bristol City,https://tmssl.akamaized.net//images/wappen/tiny/698.png?lm=1571314125,https://www.transfermarkt.com/bristol-city/startseite/verein/698/saison_id/2025,1,Championship,England,https://tmssl.akamaized.net/images/logo/header/gb2.png?lm=1643026970
24,Burnley FC,https://tmssl.akamaized.net//images/wappen/tiny/1132.png?lm=1686818840,https://www.transfermarkt.com/fc-burnley/startseite/verein/1132/saison_id/2025,1,Championship,England,https://tmssl.akamaized.net/images/logo/header/gb2.png?lm=1643026970
25,Cardiff City,https://tmssl.akamaized.net//images/wappen/tiny/603.png?lm=1478337063,https://www.transfermarkt.com/cardiff-city/startseite/verein/603/saison_id/2025,1,Championship,England,https://tmssl.akamaized.net/images/logo/header/gb2.png?lm=1643026970
26,Charlton Athletic,https://tmssl.akamaized.net//images/wappen/tiny/358.png?lm=1448178743,https://www.transfermarkt.com/charlton-athletic/startseite/verein/358/saison_id/2025,1,Championship,England,https://tmssl.akamaized.net/images/logo/header/gb2.png?lm=1643026970
27,Derby County,https://tmssl.akamaized.net//images/wappen/tiny/22.png?lm=1407654006,https://www.transfermarkt.com/derby-county/startseite/verein/22/saison_id/2025,1,Championship,England,https://tmssl.akamaized.net/images/logo/header/gb2.png?lm=1643026970
28,Lincoln City,https://tmssl.akamaized.net//images/wappen/tiny/1198.png?lm=1734285411,https://www.transfermarkt.com/lincoln-city/startseite/verein/1198/saison_id/2025,1,Championship,England,https://tmssl.akamaized.net/images/logo/header/gb2.png?lm=1643026970
29,Middlesbrough FC,https://tmssl.akamaized.net//images/wappen/tiny/641.png?lm=1782932117,https://www.transfermarkt.com/fc-middlesbrough/startseite/verein/641/saison_id/2025,1,Championship,England,https://tmssl.akamaized.net/images/logo/header/gb2.png?lm=1643026970
30,Millwall FC,https://tmssl.akamaized.net//images/wappen/tiny/1028.png?lm=1782932477,https://www.transfermarkt.com/fc-millwall/startseite/verein/1028/saison_id/2025,1,Championship,England,https://tmssl.akamaized.net/images/logo/header/gb2.png?lm=1643026970
31,Norwich City,https://tmssl.akamaized.net//images/wappen/tiny/1123.png?lm=1655469640,https://www.transfermarkt.com/norwich-city/startseite/verein/1123/saison_id/2025,1,Championship,England,https://tmssl.akamaized.net/images/logo/header/gb2.png?lm=1643026970
32,Portsmouth FC,https://tmssl.akamaized.net//images/wappen/tiny/1020.png?lm=1565282045,https://www.transfermarkt.com/fc-portsmouth/startseite/verein/1020/saison_id/2025,1,Championship,England,https://tmssl.akamaized.net/images/logo/header/gb2.png?lm=1643026970
33,Preston North End,https://tmssl.akamaized.net//images/wappen/tiny/466.png?lm=1414769167,https://www.transfermarkt.com/preston-north-end/startseite/verein/466/saison_id/2025,1,Championship,England,https://tmssl.akamaized.net/images/logo/header/gb2.png?lm=1643026970
34,Queens Park Rangers,https://tmssl.akamaized.net//images/wappen/tiny/1039.png?lm=1464680692,https://www.transfermarkt.com/queens-park-rangers/startseite/verein/1039/saison_id/2025,1,Championship,England,https://tmssl.akamaized.net/images/logo/header/gb2.png?lm=1643026970
35,Sheffield United,https://tmssl.akamaized.net//images/wappen/tiny/350.png?lm=1409254138,https://www.transfermarkt.com/sheffield-united/startseite/verein/350/saison_id/2025,1,Championship,England,https://tmssl.akamaized.net/images/logo/header/gb2.png?lm=1643026970
36,Southampton FC,https://tmssl.akamaized.net//images/wappen/tiny/180.png?lm=1444560086,https://www.transfermarkt.com/fc-southampton/startseite/verein/180/saison_id/2025,1,Championship,England,https://tmssl.akamaized.net/images/logo/header/gb2.png?lm=1643026970
37,Stoke City,https://tmssl.akamaized.net//images/wappen/tiny/512.png?lm=1782464506,https://www.transfermarkt.com/stoke-city/startseite/verein/512/saison_id/2025,1,Championship,England,https://tmssl.akamaized.net/images/logo/header/gb2.png?lm=1643026970
38,Swansea City,https://tmssl.akamaized.net//images/wappen/tiny/2288.png?lm=1752825825,https://www.transfermarkt.com/swansea-city/startseite/verein/2288/saison_id/2025,1,Championship,England,https://tmssl.akamaized.net/images/logo/header/gb2.png?lm=1643026970
39,Watford FC,https://tmssl.akamaized.net//images/wappen/tiny/1010.png?lm=1468103673,https://www.transfermarkt.com/fc-watford/startseite/verein/1010/saison_id/2025,1,Championship,England,https://tmssl.akamaized.net/images/logo/header/gb2.png?lm=1643026970
40,West Bromwich Albion,https://tmssl.akamaized.net//images/wappen/tiny/984.png?lm=1457991758,https://www.transfermarkt.com/west-bromwich-albion/startseite/verein/984/saison_id/2025,1,Championship,England,https://tmssl.akamaized.net/images/logo/header/gb2.png?lm=1643026970
41,West Ham United,https://tmssl.akamaized.net//images/wappen/tiny/379.png?lm=1464675260,https://www.transfermarkt.com/west-ham-united/startseite/verein/379/saison_id/2025,1,Championship,England,https://tmssl.akamaized.net/images/logo/header/gb2.png?lm=1643026970
42,Wolverhampton Wanderers,https://tmssl.akamaized.net//images/wappen/tiny/543.png?lm=1467496784,https://www.transfermarkt.com/wolverhampton-wanderers/startseite/verein/543/saison_id/2025,1,Championship,England,https://tmssl.akamaized.net/images/logo/header/gb2.png?lm=1643026970
43,Wrexham AFC,https://tmssl.akamaized.net//images/wappen/tiny/1112.png?lm=1704797430,https://www.transfermarkt.com/afc-wrexham/startseite/verein/1112/saison_id/2025,1,Championship,England,https://tmssl.akamaized.net/images/logo/header/gb2.png?lm=1643026970
44,Athletic Bilbao,https://tmssl.akamaized.net//images/wappen/tiny/621.png?lm=1695069038,https://www.transfermarkt.com/athletic-bilbao/startseite/verein/621/saison_id/2025,2,La Liga,Spain,https://tmssl.akamaized.net/images/logo/header/es1.png?lm=1557051003
45,Atlético de Madrid,https://tmssl.akamaized.net//images/wappen/tiny/13.png?lm=1719915566,https://www.transfermarkt.com/atletico-madrid/startseite/verein/13/saison_id/2025,2,La Liga,Spain,https://tmssl.akamaized.net/images/logo/header/es1.png?lm=1557051003
46,CA Osasuna,https://tmssl.akamaized.net//images/wappen/tiny/331.png?lm=1686070937,https://www.transfermarkt.com/ca-osasuna/startseite/verein/331/saison_id/2025,2,La Liga,Spain,https://tmssl.akamaized.net/images/logo/header/es1.png?lm=1557051003
47,Celta de Vigo,https://tmssl.akamaized.net//images/wappen/tiny/940.png?lm=1406966406,https://www.transfermarkt.com/celta-vigo/startseite/verein/940/saison_id/2025,2,La Liga,Spain,https://tmssl.akamaized.net/images/logo/header/es1.png?lm=1557051003
48,Deportivo A Coruña,https://tmssl.akamaized.net//images/wappen/tiny/897.png?lm=1782419490,https://www.transfermarkt.com/deportivo-la-coruna/startseite/verein/897/saison_id/2025,2,La Liga,Spain,https://tmssl.akamaized.net/images/logo/header/es1.png?lm=1557051003
49,Deportivo Alavés,https://tmssl.akamaized.net//images/wappen/tiny/1108.png?lm=1596131395,https://www.transfermarkt.com/deportivo-alaves/startseite/verein/1108/saison_id/2025,2,La Liga,Spain,https://tmssl.akamaized.net/images/logo/header/es1.png?lm=1557051003
50,Elche CF,https://tmssl.akamaized.net//images/wappen/tiny/1531.png?lm=1421955260,https://www.transfermarkt.com/fc-elche/startseite/verein/1531/saison_id/2025,2,La Liga,Spain,https://tmssl.akamaized.net/images/logo/header/es1.png?lm=1557051003
51,FC Barcelona,https://tmssl.akamaized.net//images/wappen/tiny/131.png?lm=1406739548,https://www.transfermarkt.com/fc-barcelona/startseite/verein/131/saison_id/2025,2,La Liga,Spain,https://tmssl.akamaized.net/images/logo/header/es1.png?lm=1557051003
52,Getafe CF,https://tmssl.akamaized.net//images/wappen/tiny/3709.png?lm=1408655116,https://www.transfermarkt.com/fc-getafe/startseite/verein/3709/saison_id/2025,2,La Liga,Spain,https://tmssl.akamaized.net/images/logo/header/es1.png?lm=1557051003
53,Levante UD,https://tmssl.akamaized.net//images/wappen/tiny/3368.png?lm=1408655062,https://www.transfermarkt.com/ud-levante/startseite/verein/3368/saison_id/2025,2,La Liga,Spain,https://tmssl.akamaized.net/images/logo/header/es1.png?lm=1557051003
54,Málaga CF,https://tmssl.akamaized.net//images/wappen/tiny/1084.png?lm=1749674822,https://www.transfermarkt.com/fc-malaga/startseite/verein/1084/saison_id/2025,2,La Liga,Spain,https://tmssl.akamaized.net/images/logo/header/es1.png?lm=1557051003
55,RCD Espanyol Barcelona,https://tmssl.akamaized.net//images/wappen/tiny/714.png?lm=1406966369,https://www.transfermarkt.com/espanyol-barcelona/startseite/verein/714/saison_id/2025,2,La Liga,Spain,https://tmssl.akamaized.net/images/logo/header/es1.png?lm=1557051003
56,Racing Santander,https://tmssl.akamaized.net//images/wappen/tiny/630.png?lm=1407484479,https://www.transfermarkt.com/racing-santander/startseite/verein/630/saison_id/2025,2,La Liga,Spain,https://tmssl.akamaized.net/images/logo/header/es1.png?lm=1557051003
57,Rayo Vallecano,https://tmssl.akamaized.net//images/wappen/tiny/367.png?lm=1653488445,https://www.transfermarkt.com/rayo-vallecano/startseite/verein/367/saison_id/2025,2,La Liga,Spain,https://tmssl.akamaized.net/images/logo/header/es1.png?lm=1557051003
58,Real Betis Balompié,https://tmssl.akamaized.net//images/wappen/tiny/150.png?lm=1663358526,https://www.transfermarkt.com/real-betis-sevilla/startseite/verein/150/saison_id/2025,2,La Liga,Spain,https://tmssl.akamaized.net/images/logo/header/es1.png?lm=1557051003
59,Real Madrid,https://tmssl.akamaized.net//images/wappen/tiny/418.png?lm=1729684474,https://www.transfermarkt.com/real-madrid/startseite/verein/418/saison_id/2025,2,La Liga,Spain,https://tmssl.akamaized.net/images/logo/header/es1.png?lm=1557051003
60,Real Sociedad,https://tmssl.akamaized.net//images/wappen/tiny/681.png?lm=1614795530,https://www.transfermarkt.com/real-sociedad-san-sebastian/startseite/verein/681/saison_id/2025,2,La Liga,Spain,https://tmssl.akamaized.net/images/logo/header/es1.png?lm=1557051003
61,Sevilla FC,https://tmssl.akamaized.net//images/wappen/tiny/368.png?lm=1730896593,https://www.transfermarkt.com/fc-sevilla/startseite/verein/368/saison_id/2025,2,La Liga,Spain,https://tmssl.akamaized.net/images/logo/header/es1.png?lm=1557051003
62,Valencia CF,https://tmssl.akamaized.net//images/wappen/tiny/1049.png?lm=1406966320,https://www.transfermarkt.com/fc-valencia/startseite/verein/1049/saison_id/2025,2,La Liga,Spain,https://tmssl.akamaized.net/images/logo/header/es1.png?lm=1557051003
63,Villarreal CF,https://tmssl.akamaized.net//images/wappen/tiny/1050.png?lm=1408655310,https://www.transfermarkt.com/fc-villarreal/startseite/verein/1050/saison_id/2025,2,La Liga,Spain,https://tmssl.akamaized.net/images/logo/header/es1.png?lm=1557051003
64,1.FC Köln,https://tmssl.akamaized.net//images/wappen/tiny/3.png?lm=1656580823,https://www.transfermarkt.com/1-fc-koln/startseite/verein/3/saison_id/2025,3,Bundesliga,Germany,https://tmssl.akamaized.net/images/logo/header/l1.png?lm=1525905518
65,1.FC Union Berlin,https://tmssl.akamaized.net//images/wappen/tiny/89.png?lm=1402956210,https://www.transfermarkt.com/1-fc-union-berlin/startseite/verein/89/saison_id/2025,3,Bundesliga,Germany,https://tmssl.akamaized.net/images/logo/header/l1.png?lm=1525905518
66,1.FSV Mainz 05,https://tmssl.akamaized.net//images/wappen/tiny/39.png?lm=1564748880,https://www.transfermarkt.com/1-fsv-mainz-05/startseite/verein/39/saison_id/2025,3,Bundesliga,Germany,https://tmssl.akamaized.net/images/logo/header/l1.png?lm=1525905518
67,Bayer 04 Leverkusen,https://tmssl.akamaized.net//images/wappen/tiny/15.png?lm=1710156317,https://www.transfermarkt.com/bayer-04-leverkusen/startseite/verein/15/saison_id/2025,3,Bundesliga,Germany,https://tmssl.akamaized.net/images/logo/header/l1.png?lm=1525905518
68,Bayern Munich,https://tmssl.akamaized.net//images/wappen/tiny/27.png?lm=1729503608,https://www.transfermarkt.com/fc-bayern-munchen/startseite/verein/27/saison_id/2025,3,Bundesliga,Germany,https://tmssl.akamaized.net/images/logo/header/l1.png?lm=1525905518
69,Borussia Dortmund,https://tmssl.akamaized.net//images/wappen/tiny/16.png?lm=1396275280,https://www.transfermarkt.com/borussia-dortmund/startseite/verein/16/saison_id/2025,3,Bundesliga,Germany,https://tmssl.akamaized.net/images/logo/header/l1.png?lm=1525905518
70,Borussia Mönchengladbach,https://tmssl.akamaized.net//images/wappen/tiny/18.png?lm=1656585796,https://www.transfermarkt.com/borussia-monchengladbach/startseite/verein/18/saison_id/2025,3,Bundesliga,Germany,https://tmssl.akamaized.net/images/logo/header/l1.png?lm=1525905518
71,Eintracht Frankfurt,https://tmssl.akamaized.net//images/wappen/tiny/24.png?lm=1700074979,https://www.transfermarkt.com/eintracht-frankfurt/startseite/verein/24/saison_id/2025,3,Bundesliga,Germany,https://tmssl.akamaized.net/images/logo/header/l1.png?lm=1525905518
72,FC Augsburg,https://tmssl.akamaized.net//images/wappen/tiny/167.png?lm=1656582897,https://www.transfermarkt.com/fc-augsburg/startseite/verein/167/saison_id/2025,3,Bundesliga,Germany,https://tmssl.akamaized.net/images/logo/header/l1.png?lm=1525905518
73,FC Schalke 04,https://tmssl.akamaized.net//images/wappen/tiny/33.png?lm=1656580846,https://www.transfermarkt.com/fc-schalke-04/startseite/verein/33/saison_id/2025,3,Bundesliga,Germany,https://tmssl.akamaized.net/images/logo/header/l1.png?lm=1525905518
74,Hamburger SV,https://tmssl.akamaized.net//images/wappen/tiny/41.png?lm=1597319274,https://www.transfermarkt.com/hamburger-sv/startseite/verein/41/saison_id/2025,3,Bundesliga,Germany,https://tmssl.akamaized.net/images/logo/header/l1.png?lm=1525905518
75,RB Leipzig,https://tmssl.akamaized.net//images/wappen/tiny/23826.png?lm=1619431624,https://www.transfermarkt.com/rasenballsport-leipzig/startseite/verein/23826/saison_id/2025,3,Bundesliga,Germany,https://tmssl.akamaized.net/images/logo/header/l1.png?lm=1525905518
76,SC Freiburg,https://tmssl.akamaized.net//images/wappen/tiny/60.png?lm=1517249279,https://www.transfermarkt.com/sc-freiburg/startseite/verein/60/saison_id/2025,3,Bundesliga,Germany,https://tmssl.akamaized.net/images/logo/header/l1.png?lm=1525905518
77,SC Paderborn 07,https://tmssl.akamaized.net//images/wappen/tiny/127.png?lm=1532010365,https://www.transfermarkt.com/sc-paderborn-07/startseite/verein/127/saison_id/2025,3,Bundesliga,Germany,https://tmssl.akamaized.net/images/logo/header/l1.png?lm=1525905518
78,SV 07 Elversberg,https://tmssl.akamaized.net//images/wappen/tiny/64.png?lm=1658300359,https://www.transfermarkt.com/sv-07-elversberg/startseite/verein/64/saison_id/2025,3,Bundesliga,Germany,https://tmssl.akamaized.net/images/logo/header/l1.png?lm=1525905518
79,SV Werder Bremen,https://tmssl.akamaized.net//images/wappen/tiny/86.png?lm=1403082298,https://www.transfermarkt.com/sv-werder-bremen/startseite/verein/86/saison_id/2025,3,Bundesliga,Germany,https://tmssl.akamaized.net/images/logo/header/l1.png?lm=1525905518
80,TSG 1899 Hoffenheim,https://tmssl.akamaized.net//images/wappen/tiny/533.png?lm=1675591766,https://www.transfermarkt.com/tsg-1899-hoffenheim/startseite/verein/533/saison_id/2025,3,Bundesliga,Germany,https://tmssl.akamaized.net/images/logo/header/l1.png?lm=1525905518
81,VfB Stuttgart,https://tmssl.akamaized.net//images/wappen/tiny/79.png?lm=1680587427,https://www.transfermarkt.com/vfb-stuttgart/startseite/verein/79/saison_id/2025,3,Bundesliga,Germany,https://tmssl.akamaized.net/images/logo/header/l1.png?lm=1525905518
82,AC Milan,https://tmssl.akamaized.net//images/wappen/tiny/5.png?lm=1605166627,https://www.transfermarkt.com/ac-mailand/startseite/verein/5/saison_id/2025,4,Serie A,Italy,https://tmssl.akamaized.net/images/logo/header/it1.png?lm=1656073460
83,AC Monza,https://tmssl.akamaized.net//images/wappen/tiny/2919.png?lm=1562072734,https://www.transfermarkt.com/ac-monza/startseite/verein/2919/saison_id/2025,4,Serie A,Italy,https://tmssl.akamaized.net/images/logo/header/it1.png?lm=1656073460
84,ACF Fiorentina,https://tmssl.akamaized.net//images/wappen/tiny/430.png?lm=1722844765,https://www.transfermarkt.com/ac-florenz/startseite/verein/430/saison_id/2025,4,Serie A,Italy,https://tmssl.akamaized.net/images/logo/header/it1.png?lm=1656073460
85,AS Roma,https://tmssl.akamaized.net//images/wappen/tiny/12.png?lm=1751979202,https://www.transfermarkt.com/as-rom/startseite/verein/12/saison_id/2025,4,Serie A,Italy,https://tmssl.akamaized.net/images/logo/header/it1.png?lm=1656073460
86,Atalanta BC,https://tmssl.akamaized.net//images/wappen/tiny/800.png?lm=1780904763,https://www.transfermarkt.com/atalanta-bergamo/startseite/verein/800/saison_id/2025,4,Serie A,Italy,https://tmssl.akamaized.net/images/logo/header/it1.png?lm=1656073460
87,Bologna FC 1909,https://tmssl.akamaized.net//images/wappen/tiny/1025.png?lm=1626441324,https://www.transfermarkt.com/fc-bologna/startseite/verein/1025/saison_id/2025,4,Serie A,Italy,https://tmssl.akamaized.net/images/logo/header/it1.png?lm=1656073460
88,Cagliari Calcio,https://tmssl.akamaized.net//images/wappen/tiny/1390.png?lm=1626441409,https://www.transfermarkt.com/cagliari-calcio/startseite/verein/1390/saison_id/2025,4,Serie A,Italy,https://tmssl.akamaized.net/images/logo/header/it1.png?lm=1656073460
89,Como 1907,https://tmssl.akamaized.net//images/wappen/tiny/1047.png?lm=1565704078,https://www.transfermarkt.com/como-1907/startseite/verein/1047/saison_id/2025,4,Serie A,Italy,https://tmssl.akamaized.net/images/logo/header/it1.png?lm=1656073460
90,Frosinone Calcio,https://tmssl.akamaized.net//images/wappen/tiny/8970.png?lm=1438547543,https://www.transfermarkt.com/frosinone-calcio/startseite/verein/8970/saison_id/2025,4,Serie A,Italy,https://tmssl.akamaized.net/images/logo/header/it1.png?lm=1656073460
91,Genoa CFC,https://tmssl.akamaized.net//images/wappen/tiny/252.png?lm=1655305880,https://www.transfermarkt.com/genua-cfc/startseite/verein/252/saison_id/2025,4,Serie A,Italy,https://tmssl.akamaized.net/images/logo/header/it1.png?lm=1656073460
92,Inter Milan,https://tmssl.akamaized.net//images/wappen/tiny/46.png?lm=1618900989,https://www.transfermarkt.com/inter-mailand/startseite/verein/46/saison_id/2025,4,Serie A,Italy,https://tmssl.akamaized.net/images/logo/header/it1.png?lm=1656073460
93,Juventus FC,https://tmssl.akamaized.net//images/wappen/tiny/506.png?lm=1626441487,https://www.transfermarkt.com/juventus-turin/startseite/verein/506/saison_id/2025,4,Serie A,Italy,https://tmssl.akamaized.net/images/logo/header/it1.png?lm=1656073460
94,Parma Calcio 1913,https://tmssl.akamaized.net//images/wappen/tiny/130.png?lm=1530945992,https://www.transfermarkt.com/parma-calcio-1913/startseite/verein/130/saison_id/2025,4,Serie A,Italy,https://tmssl.akamaized.net/images/logo/header/it1.png?lm=1656073460
95,SS Lazio,https://tmssl.akamaized.net//images/wappen/tiny/398.png?lm=1601537785,https://www.transfermarkt.com/lazio-rom/startseite/verein/398/saison_id/2025,4,Serie A,Italy,https://tmssl.akamaized.net/images/logo/header/it1.png?lm=1656073460
96,SSC Napoli,https://tmssl.akamaized.net//images/wappen/tiny/6195.png?lm=1753167643,https://www.transfermarkt.com/ssc-neapel/startseite/verein/6195/saison_id/2025,4,Serie A,Italy,https://tmssl.akamaized.net/images/logo/header/it1.png?lm=1656073460
97,Torino FC,https://tmssl.akamaized.net//images/wappen/tiny/416.png?lm=1438548174,https://www.transfermarkt.com/fc-turin/startseite/verein/416/saison_id/2025,4,Serie A,Italy,https://tmssl.akamaized.net/images/logo/header/it1.png?lm=1656073460
98,US Lecce,https://tmssl.akamaized.net//images/wappen/tiny/1005.png?lm=1689169528,https://www.transfermarkt.com/us-lecce/startseite/verein/1005/saison_id/2025,4,Serie A,Italy,https://tmssl.akamaized.net/images/logo/header/it1.png?lm=1656073460
99,US Sassuolo,https://tmssl.akamaized.net//images/wappen/tiny/6574.png?lm=1755894334,https://www.transfermarkt.com/us-sassuolo/startseite/verein/6574/saison_id/2025,4,Serie A,Italy,https://tmssl.akamaized.net/images/logo/header/it1.png?lm=1656073460
100,Udinese Calcio,https://tmssl.akamaized.net//images/wappen/tiny/410.png?lm=1688982584,https://www.transfermarkt.com/udinese-calcio/startseite/verein/410/saison_id/2025,4,Serie A,Italy,https://tmssl.akamaized.net/images/logo/header/it1.png?lm=1656073460
101,Venezia FC,https://tmssl.akamaized.net//images/wappen/tiny/607.png?lm=1782999555,https://www.transfermarkt.com/venezia-fc/startseite/verein/607/saison_id/2025,4,Serie A,Italy,https://tmssl.akamaized.net/images/logo/header/it1.png?lm=1656073460
102,AJ Auxerre,https://tmssl.akamaized.net//images/wappen/tiny/290.png?lm=1635851977,https://www.transfermarkt.com/aj-auxerre/startseite/verein/290/saison_id/2025,5,Ligue 1,France,https://tmssl.akamaized.net/images/logo/header/fr1.png?lm=1648360140
103,AS Monaco,https://tmssl.akamaized.net//images/wappen/tiny/162.png?lm=1654781919,https://www.transfermarkt.com/as-monaco/startseite/verein/162/saison_id/2025,5,Ligue 1,France,https://tmssl.akamaized.net/images/logo/header/fr1.png?lm=1648360140
104,Angers SCO,https://tmssl.akamaized.net//images/wappen/tiny/1420.png?lm=1687525425,https://www.transfermarkt.com/sco-angers/startseite/verein/1420/saison_id/2025,5,Ligue 1,France,https://tmssl.akamaized.net/images/logo/header/fr1.png?lm=1648360140
105,ESTAC Troyes,https://tmssl.akamaized.net//images/wappen/tiny/1095.png?lm=1599945497,https://www.transfermarkt.com/es-troyes-ac/startseite/verein/1095/saison_id/2025,5,Ligue 1,France,https://tmssl.akamaized.net/images/logo/header/fr1.png?lm=1648360140
106,FC Lorient,https://tmssl.akamaized.net//images/wappen/tiny/1158.png?lm=1406642498,https://www.transfermarkt.com/fc-lorient/startseite/verein/1158/saison_id/2025,5,Ligue 1,France,https://tmssl.akamaized.net/images/logo/header/fr1.png?lm=1648360140
107,FC Toulouse,https://tmssl.akamaized.net//images/wappen/tiny/415.png?lm=1740065124,https://www.transfermarkt.com/fc-toulouse/startseite/verein/415/saison_id/2025,5,Ligue 1,France,https://tmssl.akamaized.net/images/logo/header/fr1.png?lm=1648360140
108,LOSC Lille,https://tmssl.akamaized.net//images/wappen/tiny/1082.png?lm=1529521041,https://www.transfermarkt.com/losc-lille/startseite/verein/1082/saison_id/2025,5,Ligue 1,France,https://tmssl.akamaized.net/images/logo/header/fr1.png?lm=1648360140
109,Le Havre AC,https://tmssl.akamaized.net//images/wappen/tiny/738.png?lm=1408780648,https://www.transfermarkt.com/ac-le-havre/startseite/verein/738/saison_id/2025,5,Ligue 1,France,https://tmssl.akamaized.net/images/logo/header/fr1.png?lm=1648360140
110,Le Mans FC,https://tmssl.akamaized.net//images/wappen/tiny/1164.png?lm=1459583517,https://www.transfermarkt.com/le-mans-fc/startseite/verein/1164/saison_id/2025,5,Ligue 1,France,https://tmssl.akamaized.net/images/logo/header/fr1.png?lm=1648360140
111,OGC Nice,https://tmssl.akamaized.net//images/wappen/tiny/417.png?lm=1408779490,https://www.transfermarkt.com/ogc-nizza/startseite/verein/417/saison_id/2025,5,Ligue 1,France,https://tmssl.akamaized.net/images/logo/header/fr1.png?lm=1648360140
112,Olympique Lyon,https://tmssl.akamaized.net//images/wappen/tiny/1041.png?lm=1656668172,https://www.transfermarkt.com/olympique-lyon/startseite/verein/1041/saison_id/2025,5,Ligue 1,France,https://tmssl.akamaized.net/images/logo/header/fr1.png?lm=1648360140
113,Olympique Marseille,https://tmssl.akamaized.net//images/wappen/tiny/244.png?lm=1775675175,https://www.transfermarkt.com/olympique-marseille/startseite/verein/244/saison_id/2025,5,Ligue 1,France,https://tmssl.akamaized.net/images/logo/header/fr1.png?lm=1648360140
114,Paris FC,https://tmssl.akamaized.net//images/wappen/tiny/10004.png?lm=1411995262,https://www.transfermarkt.com/paris-fc/startseite/verein/10004/saison_id/2025,5,Ligue 1,France,https://tmssl.akamaized.net/images/logo/header/fr1.png?lm=1648360140
115,Paris Saint-Germain,https://tmssl.akamaized.net//images/wappen/tiny/583.png?lm=1728026461,https://www.transfermarkt.com/fc-paris-saint-germain/startseite/verein/583/saison_id/2025,5,Ligue 1,France,https://tmssl.akamaized.net/images/logo/header/fr1.png?lm=1648360140
116,RC Lens,https://tmssl.akamaized.net//images/wappen/tiny/826.png?lm=1595457059,https://www.transfermarkt.com/rc-lens/startseite/verein/826/saison_id/2025,5,Ligue 1,France,https://tmssl.akamaized.net/images/logo/header/fr1.png?lm=1648360140
117,RC Strasbourg Alsace,https://tmssl.akamaized.net//images/wappen/tiny/667.png?lm=1664991833,https://www.transfermarkt.com/rc-strassburg-alsace/startseite/verein/667/saison_id/2025,5,Ligue 1,France,https://tmssl.akamaized.net/images/logo/header/fr1.png?lm=1648360140
118,Stade Brestois 29,https://tmssl.akamaized.net//images/wappen/tiny/3911.png?lm=1768836091,https://www.transfermarkt.com/stade-brest-29/startseite/verein/3911/saison_id/2025,5,Ligue 1,France,https://tmssl.akamaized.net/images/logo/header/fr1.png?lm=1648360140
119,Stade Rennais FC,https://tmssl.akamaized.net//images/wappen/tiny/273.png?lm=1691503972,https://www.transfermarkt.com/fc-stade-rennes/startseite/verein/273/saison_id/2025,5,Ligue 1,France,https://tmssl.akamaized.net/images/logo/header/fr1.png?lm=1648360140
120,Académico Viseu FC,https://tmssl.akamaized.net//images/wappen/tiny/7788.png?lm=1779171515,https://www.transfermarkt.com/academico-viseu-fc/startseite/verein/7788/saison_id/2025,6,Liga Portugal,Portugal,https://tmssl.akamaized.net/images/logo/header/po1.png?lm=1626110146
121,CD Nacional,https://tmssl.akamaized.net//images/wappen/tiny/982.png?lm=1549988602,https://www.transfermarkt.com/cd-nacional/startseite/verein/982/saison_id/2025,6,Liga Portugal,Portugal,https://tmssl.akamaized.net/images/logo/header/po1.png?lm=1626110146
122,CD Santa Clara,https://tmssl.akamaized.net//images/wappen/tiny/2423.png?lm=1718909294,https://www.transfermarkt.com/cd-santa-clara/startseite/verein/2423/saison_id/2025,6,Liga Portugal,Portugal,https://tmssl.akamaized.net/images/logo/header/po1.png?lm=1626110146
123,CF Estrela Amadora,https://tmssl.akamaized.net//images/wappen/tiny/2431.png?lm=1743687810,https://www.transfermarkt.com/cf-estrela-amadora-sad/startseite/verein/2431/saison_id/2025,6,Liga Portugal,Portugal,https://tmssl.akamaized.net/images/logo/header/po1.png?lm=1626110146
124,CS Marítimo,https://tmssl.akamaized.net//images/wappen/tiny/1301.png?lm=1656600130,https://www.transfermarkt.com/cs-maritimo/startseite/verein/1301/saison_id/2025,6,Liga Portugal,Portugal,https://tmssl.akamaized.net/images/logo/header/po1.png?lm=1626110146
125,Casa Pia AC,https://tmssl.akamaized.net//images/wappen/tiny/3268.png?lm=1742856850,https://www.transfermarkt.com/casa-pia-ac/startseite/verein/3268/saison_id/2025,6,Liga Portugal,Portugal,https://tmssl.akamaized.net/images/logo/header/po1.png?lm=1626110146
126,FC Alverca,https://tmssl.akamaized.net//images/wappen/tiny/2521.png?lm=1468133408,https://www.transfermarkt.com/fc-alverca/startseite/verein/2521/saison_id/2025,6,Liga Portugal,Portugal,https://tmssl.akamaized.net/images/logo/header/po1.png?lm=1626110146
127,FC Arouca,https://tmssl.akamaized.net//images/wappen/tiny/8024.png?lm=1530096604,https://www.transfermarkt.com/fc-arouca/startseite/verein/8024/saison_id/2025,6,Liga Portugal,Portugal,https://tmssl.akamaized.net/images/logo/header/po1.png?lm=1626110146
128,FC Famalicão,https://tmssl.akamaized.net//images/wappen/tiny/3329.png?lm=1737563329,https://www.transfermarkt.com/fc-famalicao/startseite/verein/3329/saison_id/2025,6,Liga Portugal,Portugal,https://tmssl.akamaized.net/images/logo/header/po1.png?lm=1626110146
129,FC Porto,https://tmssl.akamaized.net//images/wappen/tiny/720.png?lm=1486310161,https://www.transfermarkt.com/fc-porto/startseite/verein/720/saison_id/2025,6,Liga Portugal,Portugal,https://tmssl.akamaized.net/images/logo/header/po1.png?lm=1626110146
130,GD Estoril Praia,https://tmssl.akamaized.net//images/wappen/tiny/1465.png?lm=1534340702,https://www.transfermarkt.com/gd-estoril-praia/startseite/verein/1465/saison_id/2025,6,Liga Portugal,Portugal,https://tmssl.akamaized.net/images/logo/header/po1.png?lm=1626110146
131,Gil Vicente FC,https://tmssl.akamaized.net//images/wappen/tiny/2424.png?lm=1624283300,https://www.transfermarkt.com/gil-vicente-fc/startseite/verein/2424/saison_id/2025,6,Liga Portugal,Portugal,https://tmssl.akamaized.net/images/logo/header/po1.png?lm=1626110146
132,Moreirense FC,https://tmssl.akamaized.net//images/wappen/tiny/979.png?lm=1552324606,https://www.transfermarkt.com/moreirense-fc/startseite/verein/979/saison_id/2025,6,Liga Portugal,Portugal,https://tmssl.akamaized.net/images/logo/header/po1.png?lm=1626110146
133,Rio Ave FC,https://tmssl.akamaized.net//images/wappen/tiny/2425.png?lm=1516613968,https://www.transfermarkt.com/rio-ave-fc/startseite/verein/2425/saison_id/2025,6,Liga Portugal,Portugal,https://tmssl.akamaized.net/images/logo/header/po1.png?lm=1626110146
134,SC Braga,https://tmssl.akamaized.net//images/wappen/tiny/1075.png?lm=1432893871,https://www.transfermarkt.com/sc-braga/startseite/verein/1075/saison_id/2025,6,Liga Portugal,Portugal,https://tmssl.akamaized.net/images/logo/header/po1.png?lm=1626110146
135,SL Benfica,https://tmssl.akamaized.net//images/wappen/tiny/294.png?lm=1535908439,https://www.transfermarkt.com/benfica-lissabon/startseite/verein/294/saison_id/2025,6,Liga Portugal,Portugal,https://tmssl.akamaized.net/images/logo/header/po1.png?lm=1626110146
136,Sporting CP,https://tmssl.akamaized.net//images/wappen/tiny/336.png?lm=1782916828,https://www.transfermarkt.com/sporting-lissabon/startseite/verein/336/saison_id/2025,6,Liga Portugal,Portugal,https://tmssl.akamaized.net/images/logo/header/po1.png?lm=1626110146
137,Vitória Guimarães SC,https://tmssl.akamaized.net//images/wappen/tiny/2420.png?lm=1432894021,https://www.transfermarkt.com/vitoria-guimaraes-sc/startseite/verein/2420/saison_id/2025,6,Liga Portugal,Portugal,https://tmssl.akamaized.net/images/logo/header/po1.png?lm=1626110146
138,ADO Den Haag,https://tmssl.akamaized.net//images/wappen/tiny/1268.png?lm=1420455700,https://www.transfermarkt.com/ado-den-haag/startseite/verein/1268/saison_id/2025,7,Eredivisie,Netherlands,https://tmssl.akamaized.net/images/logo/header/nl1.png?lm=1674743474
139,AZ Alkmaar,https://tmssl.akamaized.net//images/wappen/tiny/1090.png?lm=1586848339,https://www.transfermarkt.com/az-alkmaar/startseite/verein/1090/saison_id/2025,7,Eredivisie,Netherlands,https://tmssl.akamaized.net/images/logo/header/nl1.png?lm=1674743474
140,Ajax Amsterdam,https://tmssl.akamaized.net//images/wappen/tiny/610.png?lm=1750408025,https://www.transfermarkt.com/ajax-amsterdam/startseite/verein/610/saison_id/2025,7,Eredivisie,Netherlands,https://tmssl.akamaized.net/images/logo/header/nl1.png?lm=1674743474
141,Excelsior Rotterdam,https://tmssl.akamaized.net//images/wappen/tiny/798.png?lm=1626701001,https://www.transfermarkt.com/sbv-excelsior-rotterdam/startseite/verein/798/saison_id/2025,7,Eredivisie,Netherlands,https://tmssl.akamaized.net/images/logo/header/nl1.png?lm=1674743474
142,FC Groningen,https://tmssl.akamaized.net//images/wappen/tiny/202.png?lm=1657052745,https://www.transfermarkt.com/fc-groningen/startseite/verein/202/saison_id/2025,7,Eredivisie,Netherlands,https://tmssl.akamaized.net/images/logo/header/nl1.png?lm=1674743474
143,FC Twente Enschede,https://tmssl.akamaized.net//images/wappen/tiny/317.png?lm=1610789581,https://www.transfermarkt.com/fc-twente-enschede/startseite/verein/317/saison_id/2025,7,Eredivisie,Netherlands,https://tmssl.akamaized.net/images/logo/header/nl1.png?lm=1674743474
144,FC Utrecht,https://tmssl.akamaized.net//images/wappen/tiny/200.png?lm=1628450351,https://www.transfermarkt.com/fc-utrecht/startseite/verein/200/saison_id/2025,7,Eredivisie,Netherlands,https://tmssl.akamaized.net/images/logo/header/nl1.png?lm=1674743474
145,Feyenoord Rotterdam,https://tmssl.akamaized.net//images/wappen/tiny/234.png?lm=1721654567,https://www.transfermarkt.com/feyenoord-rotterdam/startseite/verein/234/saison_id/2025,7,Eredivisie,Netherlands,https://tmssl.akamaized.net/images/logo/header/nl1.png?lm=1674743474
146,Fortuna Sittard,https://tmssl.akamaized.net//images/wappen/tiny/385.png?lm=1777819673,https://www.transfermarkt.com/fortuna-sittard/startseite/verein/385/saison_id/2025,7,Eredivisie,Netherlands,https://tmssl.akamaized.net/images/logo/header/nl1.png?lm=1674743474
147,Go Ahead Eagles,https://tmssl.akamaized.net//images/wappen/tiny/1435.png?lm=1540316767,https://www.transfermarkt.com/go-ahead-eagles-deventer/startseite/verein/1435/saison_id/2025,7,Eredivisie,Netherlands,https://tmssl.akamaized.net/images/logo/header/nl1.png?lm=1674743474
148,NEC Nijmegen,https://tmssl.akamaized.net//images/wappen/tiny/467.png?lm=1460302949,https://www.transfermarkt.com/nec-nijmegen/startseite/verein/467/saison_id/2025,7,Eredivisie,Netherlands,https://tmssl.akamaized.net/images/logo/header/nl1.png?lm=1674743474
149,PEC Zwolle,https://tmssl.akamaized.net//images/wappen/tiny/1269.png?lm=1610790473,https://www.transfermarkt.com/pec-zwolle/startseite/verein/1269/saison_id/2025,7,Eredivisie,Netherlands,https://tmssl.akamaized.net/images/logo/header/nl1.png?lm=1674743474
150,PSV Eindhoven,https://tmssl.akamaized.net//images/wappen/tiny/383.png?lm=1682925949,https://www.transfermarkt.com/psv-eindhoven/startseite/verein/383/saison_id/2025,7,Eredivisie,Netherlands,https://tmssl.akamaized.net/images/logo/header/nl1.png?lm=1674743474
151,SC Cambuur Leeuwarden,https://tmssl.akamaized.net//images/wappen/tiny/133.png?lm=1692824919,https://www.transfermarkt.com/sc-cambuur-leeuwarden/startseite/verein/133/saison_id/2025,7,Eredivisie,Netherlands,https://tmssl.akamaized.net/images/logo/header/nl1.png?lm=1674743474
152,SC Heerenveen,https://tmssl.akamaized.net//images/wappen/tiny/306.png?lm=1655978084,https://www.transfermarkt.com/sc-heerenveen/startseite/verein/306/saison_id/2025,7,Eredivisie,Netherlands,https://tmssl.akamaized.net/images/logo/header/nl1.png?lm=1674743474
153,SC Telstar,https://tmssl.akamaized.net//images/wappen/tiny/1434.png?lm=1407649844,https://www.transfermarkt.com/sc-telstar/startseite/verein/1434/saison_id/2025,7,Eredivisie,Netherlands,https://tmssl.akamaized.net/images/logo/header/nl1.png?lm=1674743474
154,Sparta Rotterdam,https://tmssl.akamaized.net//images/wappen/tiny/468.png?lm=1485262132,https://www.transfermarkt.com/sparta-rotterdam/startseite/verein/468/saison_id/2025,7,Eredivisie,Netherlands,https://tmssl.akamaized.net/images/logo/header/nl1.png?lm=1674743474
155,Willem II Tilburg,https://tmssl.akamaized.net//images/wappen/tiny/403.png?lm=1686931031,https://www.transfermarkt.com/willem-ii-tilburg/startseite/verein/403/saison_id/2025,7,Eredivisie,Netherlands,https://tmssl.akamaized.net/images/logo/header/nl1.png?lm=1674743474
